state,timestamp,leading_candidate_name,trailing_candidate_name,leading_candidate_votes,trailing_candidate_votes,vote_differential,votes_remaining,new_votes,new_votes_relevant,new_votes_formatted,leading_candidate_partition,trailing_candidate_partition,precincts_reporting,precincts_total,hurdle,hurdle_change,hurdle_mov_avg,counties_partition,total_votes_count
Arizona,2024-11-06 11:01:12.807000+00:00,Donald Trump,Kamala Harris,1150781,1047426,103355,1478387,6108,6040,"  6,040",0.34337748344370866,0.6566225165562913,1042,1736,0.5352662054188227,-0.0004978173548497722,0.43506666666666666,{},2217757
Arizona,2024-11-06 10:45:54.821000+00:00,Donald Trump,Kamala Harris,1148707,1043460,105247,1484495,207813,204930,"204,930",0.6207680671448788,0.37923193285512125,1039,1736,0.5357640227736725,0.01914624103078344,0.37923193285512125,{},2211649
Arizona,2024-11-06 10:34:35.078000+00:00,Donald Trump,Kamala Harris,1021493,965744,55749,1692308,17573,17401," 17,401",0.636572610769496,0.363427389230504,941,1736,0.5166177817428891,0.0015730100207672626,0.40273333333333333,{},2003836
Arizona,2024-11-06 09:45:54.161000+00:00,Donald Trump,Kamala Harris,1010416,959420,50996,1709881,5110,5065,"  5,065",0.7004935834155972,0.29950641658440275,933,1736,0.5150447717221218,0.000642225088303694,0.4323,{},1986263
Arizona,2024-11-06 09:33:45.203000+00:00,Donald Trump,Kamala Harris,1006868,957903,48965,1714991,9568,9485,"  9,485",0.4371112282551397,0.5628887717448603,931,1736,0.5144025466338181,-0.00026905514588015933,0.4276,{},1981153
Arizona,2024-11-06 09:20:46.438000+00:00,Donald Trump,Kamala Harris,1002722,952564,50158,1724559,10553,10415," 10,415",0.57033125300048,0.4296687469995199,926,1736,0.5146716017796983,0.0005151505979555937,0.32793333333333335,{},1971585
Arizona,2024-11-06 09:00:56.838000+00:00,Donald Trump,Kamala Harris,996782,948089,48693,1735112,6659,6610,"  6,610",0.6747352496217851,0.32526475037821484,921,1736,0.5141564511817427,0.0007231375021162778,0.2695,{},1961032
Arizona,2024-11-06 08:47:39.306000+00:00,Donald Trump,Kamala Harris,992322,945939,46383,1741771,19210,19055," 19,055",0.7523484649698242,0.2476515350301758,918,1736,0.5134333136796264,0.0029014048923591274,0.25966666666666666,{},1954373
Arizona,2024-11-06 08:34:59.737000+00:00,Donald Trump,Kamala Harris,977986,941220,36766,1760981,12908,12779," 12,779",0.719383363330464,0.28061663666953596,909,1736,0.5105319087872673,0.0016711187225761925,0.33036666666666664,{},1935163
Arizona,2024-11-06 08:21:20.301000+00:00,Donald Trump,Kamala Harris,968793,937634,31159,1773889,713,708,    708,0.4548022598870056,0.5451977401129944,903,1736,0.5088607900646911,-1.4632493519961542e-05,0.3660333333333333,{},1922255
Arizona,2024-11-06 08:02:13.805000+00:00,Donald Trump,Kamala Harris,968471,937248,31223,1774602,8340,8240,"  8,240",0.6855582524271845,0.3144417475728155,903,1736,0.508875422558211,0.000906714495915506,0.3617666666666667,{},1921542
Arizona,2024-11-06 07:45:51.275000+00:00,Donald Trump,Kamala Harris,962822,934657,28165,1782942,1054,1045,"  1,045",0.6822966507177033,0.31770334928229665,908,1736,0.5079687080622955,0.00011244041543267969,0.3755,{},1913202
Arizona,2024-11-06 07:34:30.984000+00:00,Donald Trump,Kamala Harris,962109,934325,27784,1783996,745,738,    738,0.28861788617886175,0.7113821138211383,908,1736,0.5078562676468629,-8.490558801765857e-05,0.3771,{},1912148
Arizona,2024-11-06 07:26:42.401000+00:00,Donald Trump,Kamala Harris,961896,933800,28096,1784741,683,1345,"  1,345",0.5420074349442379,0.4579925650557621,908,1736,0.5079411732348805,3.496441763606306e-05,0.36856666666666665,{},1911403
Arizona,2024-11-06 07:18:21.055000+00:00,Donald Trump,Kamala Harris,961167,933184,27983,1785424,32881,32502," 32,502",0.6356224232354932,0.36437757676450677,907,1736,0.5079062088172445,0.002588766512498064,0.36437757676450677,{},1910720
Arizona,2024-11-06 06:48:52.841000+00:00,Donald Trump,Kamala Harris,940508,921341,19167,1818305,4164,4116,"  4,116",0.6132167152575316,0.3867832847424684,892,1736,0.5053174423047464,0.00027012050845109936,0.3829666666666667,{},1877839
Arizona,2024-11-06 06:42:04.340000+00:00,Donald Trump,Kamala Harris,937984,919749,18235,1822469,4387,4325,"  4,325",0.7158381502890173,0.2841618497109827,890,1736,0.5050473217962953,0.0005276523094633889,0.3761,{},1873675
Arizona,2024-11-06 06:19:50.161000+00:00,Donald Trump,Kamala Harris,934888,918520,16368,1826856,7030,6930,"  6,930",0.674025974025974,0.32597402597402597,888,1736,0.5045196694868319,0.0006807942110251819,0.3945666666666667,{},1869288
Arizona,2024-11-06 06:09:38.534000+00:00,Donald Trump,Kamala Harris,930217,916261,13956,1833886,1954,1932,"  1,932",0.781055900621118,0.21894409937888198,884,1736,0.5038388752758067,0.00030249389574632524,0.40803333333333336,{},1862258
Arizona,2024-11-06 05:52:50.427000+00:00,Donald Trump,Kamala Harris,928708,915838,12870,1835840,11457,10587," 10,587",0.4766222725984698,0.5233777274015302,883,1736,0.5035363813800604,-0.00011323834092802354,0.4120333333333333,{},1860304
Arizona,2024-11-06 05:22:29.687000+00:00,Donald Trump,Kamala Harris,923662,910297,13365,1847297,3688,3652,"  3,652",0.7891566265060241,0.21084337349397592,878,1736,0.5036496197209884,0.0005828526172438897,0.30065548835693334,{},1848847
Arizona,2024-11-06 05:16:19.429000+00:00,Donald Trump,Kamala Harris,920780,909527,11253,1850985,12447,12351," 12,351",0.5877256902275119,0.4122743097724881,876,1736,0.5030667671037445,0.0006071100414002384,0.3143441425650015,{},1845159
Arizona,2024-11-06 05:06:43.094000+00:00,Donald Trump,Kamala Harris,913521,904435,9086,1863432,4733,4703,"  4,703",0.7191154582181587,0.28088454178184136,870,1736,0.5024596570623443,0.00056274816409152,0.21016365202411713,{},1832712
Arizona,2024-11-06 04:47:16.799000+00:00,Donald Trump,Kamala Harris,910139,903114,7025,1868165,6981,6907,"  6,907",0.837990444476618,0.1620095555233821,868,1736,0.5018969088982528,0.001263104023937034,0.1620095555233821,{},1827979
Arizona,2024-11-06 04:24:11.321000+00:00,Donald Trump,Kamala Harris,904351,901995,2356,1875146,0,0,      0,0,0,865,1736,0.5006338048743157,-0.49936619512568425,,{},1820998
Georgia,2024-11-06 10:01:16.651000+00:00,Donald Trump,Kamala Harris,2651206,2533821,117385,144786,7761,7685,"  7,685",0.38321405335068315,0.6167859466493169,2701,2701,0.9083974240735315,0.014850366387765823,0.6589,{},5223697
Georgia,2024-11-06 07:34:30.984000+00:00,Donald Trump,Kamala Harris,2648261,2529081,119180,152547,4965,4960,"  4,960",0.8366935483870968,0.16330645161290322,2553,2701,0.8935470576857657,0.023086596726062503,0.6381333333333333,{},5215936
Georgia,2024-11-06 07:18:21.055000+00:00,Donald Trump,Kamala Harris,2644111,2528271,115840,157512,2383,2337,"  2,337",0.3059477963200684,0.6940522036799316,2505,2701,0.8704604609597032,0.002663779789637055,0.6853,{},5210971
Georgia,2024-11-06 07:08:45.106000+00:00,Donald Trump,Kamala Harris,2643396,2526649,116747,159895,11664,11583," 11,583",0.06932573599240266,0.9306742640075973,2478,2701,0.8677966811700661,-0.004288459421335711,0.6643,{},5208588
Georgia,2024-11-06 06:48:52.841000+00:00,Donald Trump,Kamala Harris,2642593,2515869,126724,171559,0,0,      0,0,0,2478,2701,0.8720851405914019,0.0,0.46886666666666665,{},5196924
Georgia,2024-11-06 06:42:04.340000+00:00,Donald Trump,Kamala Harris,2642593,2515869,126724,171559,3822,3795,"  3,795",0.47167325428194995,0.52832674571805,2441,2701,0.8720851405914019,0.007491163073065854,0.46886666666666665,{},5196924
Georgia,2024-11-06 06:09:38.534000+00:00,Donald Trump,Kamala Harris,2640803,2513864,126939,175381,8464,8402,"  8,402",0.4639371578195668,0.5360628421804332,2269,2701,0.864593977518336,0.015125043638414937,0.4557,{},5193102
Georgia,2024-11-06 05:47:12.166000+00:00,Donald Trump,Kamala Harris,2636905,2509360,127545,183845,60191,59938," 59,938",0.5755447295538723,0.4244552704461277,2265,2701,0.8494689338799211,0.1048888462485178,0.4244552704461277,{},5184638
Georgia,2024-11-06 04:58:35.497000+00:00,Donald Trump,Kamala Harris,2602408,2483919,118489,244036,116017,114156,"114,156",0.4279757524790637,0.5720242475209363,1764,2701,0.7445800876314033,0.055803251859860126,0.5720242475209363,{},5124447
Georgia,2024-11-06 04:53:06.738000+00:00,Donald Trump,Kamala Harris,2553552,2418619,134933,360053,270,269,    269,0.4386617100371747,0.5613382899628253,1719,2701,0.6887768357715431,9.532194292316554e-05,0.5245,{},5008430
Georgia,2024-11-06 04:47:16.799000+00:00,Donald Trump,Kamala Harris,2553434,2418468,134966,360323,0,0,      0,0,0,1699,2701,0.68868151382862,0.0,0.5241666666666667,{},5008160
Georgia,2024-11-06 04:40:49.331000+00:00,Donald Trump,Kamala Harris,2553434,2418468,134966,360323,0,0,      0,0,0,1508,2701,0.68868151382862,0.0,0.5241666666666667,{},5008160
Georgia,2024-11-06 04:32:09.276000+00:00,Donald Trump,Kamala Harris,2553434,2418468,134966,360323,35169,34751," 34,751",0.4758424218008115,0.5241575781991885,1476,2701,0.68868151382862,0.01463994001832225,0.5241575781991885,{},5008160
Georgia,2024-11-06 04:24:11.321000+00:00,Donald Trump,Kamala Harris,2536898,2400253,136645,395492,0,0,      0,0,0,1415,2701,0.6740415738102977,-0.3259584261897023,,{},4972991
Michigan,2024-11-06 11:01:12.807000+00:00,Donald Trump,Kamala Harris,2716351,2607627,108724,283524,10647,10503," 10,503",0.39931448157669236,0.6006855184233076,3948,4511,0.6952857658762702,0.0034066375869424848,0.4949,{},5422521
Michigan,2024-11-06 10:45:54.821000+00:00,Donald Trump,Kamala Harris,2712157,2601318,110839,294171,41706,42203," 42,203",0.562069047224131,0.437930952775869,3947,4511,0.6918791282893277,0.031769058267261285,0.437930952775869,{},5411874
Michigan,2024-11-06 10:34:35.078000+00:00,Donald Trump,Kamala Harris,2688436,2582836,105600,335877,36444,35875," 35,875",0.4320278745644599,0.5679721254355401,3896,4511,0.6601100700220665,0.009001416821459052,0.5679721254355401,{},5370168
Michigan,2024-11-06 10:20:00.892000+00:00,Donald Trump,Kamala Harris,2672937,2562460,110477,372321,5905,5847,"  5,847",0.6281853942192577,0.37181460578074227,3840,4511,0.6511086532006074,0.004377460308328196,0.6062333333333333,{},5333724
Michigan,2024-11-06 10:01:16.651000+00:00,Donald Trump,Kamala Harris,2669264,2560286,108978,378226,272879,260486,"260,486",0.33700851485300554,0.6629914851469945,3829,4511,0.6467311928922792,-0.004919309972383545,0.6629914851469945,{},5327819
Michigan,2024-11-06 09:45:54.161000+00:00,Donald Trump,Kamala Harris,2581478,2387586,193892,651105,8936,8784,"  8,784",0.5359744990892532,0.4640255009107468,3350,4511,0.6516505028646628,0.002540747962789247,0.5075666666666667,{},5054940
Michigan,2024-11-06 09:33:45.203000+00:00,Donald Trump,Kamala Harris,2576770,2383510,193260,660041,30877,30464," 30,464",0.4743960084033614,0.5256039915966386,3328,4511,0.6491097549018735,0.0055138593344423725,0.5256039915966386,{},5046004
Michigan,2024-11-06 09:20:46.438000+00:00,Donald Trump,Kamala Harris,2562318,2367498,194820,690918,53898,53090," 53,090",0.21987191561499342,0.7801280843850066,3306,4511,0.6435958955674311,-0.009945729460993147,0.7801280843850066,{},5015127
Michigan,2024-11-06 09:00:56.838000+00:00,Donald Trump,Kamala Harris,2550645,2326081,224564,744816,230670,226936,"226,936",0.29774473860471673,0.7022552613952833,3244,4511,0.6535416250284243,-0.011615862043727443,0.7022552613952833,{},4961229
Michigan,2024-11-06 08:47:39.306000+00:00,Donald Trump,Kamala Harris,2483076,2166714,316362,975486,63082,61918," 61,918",0.5011305274718176,0.4988694725281824,3120,4511,0.6651574870721517,0.010100215151142566,0.4988694725281824,{},4730559
Michigan,2024-11-06 08:34:59.737000+00:00,Donald Trump,Kamala Harris,2452047,2135825,316222,1038568,24258,23889," 23,889",0.5510904600443719,0.4489095399556281,3011,4511,0.6550572719210092,0.0047086445745689876,0.4433,{},4667477
Michigan,2024-11-06 08:21:20.301000+00:00,Donald Trump,Kamala Harris,2438882,2125101,313781,1062826,50790,50005," 50,005",0.5786021397860214,0.4213978602139786,2930,4511,0.6503486273464402,0.010451948883926976,0.4213978602139786,{},4643219
Michigan,2024-11-06 08:02:13.805000+00:00,Donald Trump,Kamala Harris,2409949,2104029,305920,1113616,46607,45979," 45,979",0.6299180060462385,0.3700819939537615,2931,4511,0.6398966784625132,0.010863626800818094,0.3700819939537615,{},4592429
Michigan,2024-11-06 07:45:51.275000+00:00,Donald Trump,Kamala Harris,2380986,2087013,293973,1160223,209216,206096,"206,096",0.5129260150609425,0.4870739849390575,2833,4511,0.6290330516616951,0.021694349042648442,0.4870739849390575,{},4545822
Michigan,2024-11-06 07:34:30.984000+00:00,Donald Trump,Kamala Harris,2275274,1986629,288645,1369439,13694,13516," 13,516",0.48253921278484757,0.5174607872151524,2708,4511,0.6073387026190467,0.0008889441605136605,0.4765666666666667,{},4336606
Michigan,2024-11-06 07:26:42.401000+00:00,Donald Trump,Kamala Harris,2268752,1979635,289117,1383133,128817,126851,"126,851",0.55696052849406,0.44303947150594003,2699,4511,0.606449758458533,0.013936821547438694,0.44303947150594003,{},4322912
Michigan,2024-11-06 07:18:21.055000+00:00,Donald Trump,Kamala Harris,2198101,1923435,274666,1511950,34411,33891," 33,891",0.547283939689003,0.45271606031099704,2598,4511,0.5925129369110943,0.0031141653167620076,0.45271606031099704,{},4194095
Michigan,2024-11-06 07:07:09.390000+00:00,Donald Trump,Kamala Harris,2179553,1908092,271461,1546361,20636,20385," 20,385",0.6367427029678685,0.36325729703213144,2518,4511,0.5893987715943323,0.0029891108080450923,0.38206666666666667,{},4159684
Michigan,2024-11-06 06:58:50.328000+00:00,Donald Trump,Kamala Harris,2166573,1900687,265886,1566997,93114,90693," 90,693",0.5780159438986471,0.4219840561013529,2524,4511,0.5864096607862872,0.009187585387807062,0.4219840561013529,{},4139048
Michigan,2024-11-06 06:54:30.011000+00:00,Donald Trump,Kamala Harris,2114151,1862416,251735,1660111,64925,63956," 63,956",0.5541935080367753,0.4458064919632247,2494,4511,0.5772220753984801,0.004952822091852882,0.4458064919632247,{},4045934
Michigan,2024-11-06 06:48:52.841000+00:00,Donald Trump,Kamala Harris,2078707,1833904,244803,1725036,18352,18070," 18,070",0.5320973990038738,0.4679026009961262,2502,4511,0.5722692533066273,0.0010995949949959005,0.4856333333333333,{},3981009
Michigan,2024-11-06 06:42:04.340000+00:00,Donald Trump,Kamala Harris,2069092,1825449,243643,1743388,130222,128174,"128,174",0.48750136533150246,0.5124986346684975,2530,4511,0.5711696583116314,0.0040756632265794845,0.5124986346684975,{},3962657
Michigan,2024-11-06 06:33:22.626000+00:00,Donald Trump,Kamala Harris,2006607,1759760,246847,1873610,75679,74576," 74,576",0.6103169920617892,0.3896830079382107,2365,4511,0.5670939950850519,0.006903482398633476,0.3896830079382107,{},3832435
Michigan,2024-11-06 06:19:50.161000+00:00,Donald Trump,Kamala Harris,1961092,1730699,230393,1949289,103662,102065,"102,065",0.4512418556802038,0.5487581443197962,2301,4511,0.5601905126864184,0.0005703290013870932,0.5487581443197962,{},3756756
Michigan,2024-11-06 06:12:43.135000+00:00,Donald Trump,Kamala Harris,1915036,1674690,240346,2052951,15370,15180," 15,180",0.6304347826086957,0.3695652173913043,2202,4511,0.5596201836850313,0.0014180635393729046,0.3732666666666667,{},3653094
Michigan,2024-11-06 06:11:27.815000+00:00,Donald Trump,Kamala Harris,1905466,1669080,236386,2068321,12507,12300," 12,300",0.6367479674796748,0.36325203252032523,2188,4511,0.5582021201456584,0.0011731226827851327,0.41126666666666667,{},3637724
Michigan,2024-11-06 06:09:38.534000+00:00,Donald Trump,Kamala Harris,1897634,1664612,233022,2080828,113386,111811,"111,811",0.5553925821251934,0.4446074178748066,2169,4511,0.5570289974628733,0.005821869303800242,0.4446074178748066,{},3625217
Michigan,2024-11-06 05:58:39.910000+00:00,Donald Trump,Kamala Harris,1835535,1614900,220635,2194214,26949,26516," 26,516",0.5213456026550007,0.47865439734499926,2090,4511,0.551207128159073,0.0008808255626850947,0.4643333333333333,{},3511831
Michigan,2024-11-06 05:57:24.526000+00:00,Donald Trump,Kamala Harris,1821711,1602208,219503,2221163,24146,23775," 23,775",0.6446687697160883,0.35533123028391167,2066,4511,0.5503263025963879,0.002101421929616487,0.3837333333333333,{},3484882
Michigan,2024-11-06 05:52:50.427000+00:00,Donald Trump,Kamala Harris,1806384,1593760,212624,2245309,108608,107131,"107,131",0.5077335225098244,0.4922664774901756,2061,4511,0.5482248806667714,0.002583541721314697,0.4922664774901756,{},3460736
Michigan,2024-11-06 05:47:12.166000+00:00,Donald Trump,Kamala Harris,1751990,1541023,210967,2353917,32592,32077," 32,077",0.483087570533404,0.516912429466596,1978,4511,0.5456413389454567,0.0003917861757324337,0.516912429466596,{},3352128
Michigan,2024-11-06 05:41:15.952000+00:00,Donald Trump,Kamala Harris,1736494,1524442,212052,2386509,12204,11996," 11,996",0.5356785595198399,0.46432144048016005,1953,4511,0.5452495527697243,0.0004119490384555391,0.4333,{},3319536
Michigan,2024-11-06 05:39:35.768000+00:00,Donald Trump,Kamala Harris,1730068,1518872,211196,2398713,112519,110706,"110,706",0.5873755713330804,0.41262442866691956,1937,4511,0.5448376037312688,0.005932196866143102,0.41262442866691956,{},3307332
Michigan,2024-11-06 05:34:39.692000+00:00,Donald Trump,Kamala Harris,1665042,1473192,191850,2511232,48893,48194," 48,194",0.5810059343486741,0.4189940656513259,1881,4511,0.5389054068651257,0.0022961622136933313,0.4189940656513259,{},3194813
Michigan,2024-11-06 05:29:08.896000+00:00,Donald Trump,Kamala Harris,1637041,1452999,184042,2560125,84355,82513," 82,513",0.4365736308218099,0.5634263691781901,1828,4511,0.5366092446514323,-0.0008478776488324291,0.5634263691781901,{},3145920
Michigan,2024-11-06 05:22:29.687000+00:00,Donald Trump,Kamala Harris,1601018,1406509,194509,2644480,195501,190625,"190,625",0.542567868852459,0.457432131147541,1796,4511,0.5374571223002648,0.005488627712693095,0.457432131147541,{},3061565
Michigan,2024-11-06 05:16:19.429000+00:00,Donald Trump,Kamala Harris,1497591,1319311,178280,2839981,159684,157378,"157,378",0.6423007027665875,0.35769929723341254,1675,4511,0.5319684945875717,0.009305829956797962,0.35769929723341254,{},2866064
Michigan,2024-11-06 05:06:43.094000+00:00,Donald Trump,Kamala Harris,1396507,1263017,133490,2999665,117087,114598,"114,598",0.4893802684165518,0.5106197315834482,1545,4511,0.5226626646307737,0.0004536702373987289,0.5106197315834482,{},2706380
Michigan,2024-11-06 04:58:35.497000+00:00,Donald Trump,Kamala Harris,1340425,1204501,135924,3116752,125923,123987,"123,987",0.5514126481002041,0.4485873518997959,1410,4511,0.522208994393375,0.002864644346700307,0.4485873518997959,{},2589293
Michigan,2024-11-06 04:53:06.738000+00:00,Donald Trump,Kamala Harris,1272057,1148882,123175,3242675,99864,98075," 98,075",0.5619780780015294,0.43802192199847056,1355,4511,0.5193443500466747,0.002430132552557751,0.43802192199847056,{},2463370
Michigan,2024-11-06 04:47:16.799000+00:00,Donald Trump,Kamala Harris,1216941,1105923,111018,3342539,119461,117368,"117,368",0.4848425465203463,0.5151574534796537,1274,4511,0.5169142174941169,6.0271902594721816e-05,0.5151574534796537,{},2363506
Michigan,2024-11-06 04:40:49.331000+00:00,Donald Trump,Kamala Harris,1160036,1045460,114576,3462000,100119,98378," 98,378",0.5890951228933299,0.4109048771066702,1154,4511,0.5168539455915222,0.0029798650799355286,0.4109048771066702,{},2244045
Michigan,2024-11-06 04:32:09.276000+00:00,Donald Trump,Kamala Harris,1102082,1005036,97046,3562119,239346,235314,"235,314",0.4439897328675727,0.5560102671324273,1089,4511,0.5138740805115867,-0.0026577244923924326,0.5560102671324273,{},2143926
Michigan,2024-11-06 04:24:11.321000+00:00,Donald Trump,Kamala Harris,997605,874199,123406,3801465,0,0,      0,0,0,1010,4511,0.5165318050039791,-0.4834681949960209,,{},1904580
Nevada,2024-11-06 10:01:16.651000+00:00,Donald Trump,Kamala Harris,660980,601118,59862,242865,15379,15095," 15,095",0.49340841338191455,0.5065915866180855,1382,1643,0.6253928822569176,0.007075401721320818,0.49473333333333336,{},1284132
Nevada,2024-11-06 09:33:45.203000+00:00,Donald Trump,Kamala Harris,653532,593471,60061,258244,0,0,      0,0,0,1365,1643,0.6183174805355968,0.0,0.4827666666666667,{},1268753
Nevada,2024-11-06 09:00:56.838000+00:00,Donald Trump,Kamala Harris,653532,593471,60061,258244,0,0,      0,0,0,1499,1643,0.6183174805355968,0.0,0.4827666666666667,{},1268753
Nevada,2024-11-06 08:47:39.306000+00:00,Donald Trump,Kamala Harris,653532,593471,60061,258244,166594,162937,"162,937",0.5172428607375856,0.4827571392624143,1532,1643,0.6183174805355968,0.05312502943672559,0.4827571392624143,{},1268753
Nevada,2024-11-06 08:34:59.737000+00:00,Donald Trump,Kamala Harris,569254,514812,54442,424838,747,727,    727,0.5281980742778543,0.4718019257221458,1331,1643,0.5651924510988712,0.00016343774976068648,0.4406333333333333,{},1102159
Nevada,2024-11-06 08:02:13.805000+00:00,Donald Trump,Kamala Harris,568870,514469,54401,425585,7820,7606,"  7,606",0.5466736786747305,0.4533263213252695,1330,1643,0.5650290133491105,0.0020067247882166184,0.43976666666666664,{},1101412
Nevada,2024-11-06 07:26:42.401000+00:00,Donald Trump,Kamala Harris,564712,511021,53691,433405,28909,28004," 28,004",0.5648478788744464,0.4351521211255535,1322,1643,0.5630222885608939,0.007937495922173854,0.4206666666666667,{},1093592
Nevada,2024-11-06 07:08:45.106000+00:00,Donald Trump,Kamala Harris,548894,498835,50059,462314,0,0,      0,0,0,1287,1643,0.55508479263872,0.0,0.30656666666666665,{},1064683
Nevada,2024-11-06 07:07:09.390000+00:00,Donald Trump,Kamala Harris,548894,498835,50059,462314,6404,6257,"  6,257",0.7824836183474508,0.21751638165254913,1293,1643,0.55508479263872,0.004589370234451162,0.30656666666666665,{},1064683
Nevada,2024-11-06 06:58:50.328000+00:00,Donald Trump,Kamala Harris,543998,497474,46524,468718,6091,5931,"  5,931",0.7647951441578149,0.23520485584218512,1285,1643,0.5504954224042689,0.00401316270669938,0.3476666666666667,{},1058279
Nevada,2024-11-06 06:54:30.011000+00:00,Donald Trump,Kamala Harris,539462,496079,43383,474809,3131,3030,"  3,030",0.6231023102310231,0.3768976897689769,1278,1643,0.5464822596975695,0.0010985644134001715,0.3831333333333333,{},1052188
Nevada,2024-11-06 06:48:52.841000+00:00,Donald Trump,Kamala Harris,537574,494937,42637,477940,5016,4890,"  4,890",0.7550102249488753,0.24498977505112474,1274,1643,0.5453836952841693,0.0030984500268242954,0.3819,{},1049057
Nevada,2024-11-06 06:42:04.340000+00:00,Donald Trump,Kamala Harris,533882,493739,40143,482956,24963,24431," 24,431",0.5854037902664647,0.4145962097335353,1268,1643,0.542285245257345,0.006257874147134412,0.4101,{},1044041
Nevada,2024-11-06 06:33:22.626000+00:00,Donald Trump,Kamala Harris,519580,483610,35970,507919,1483,1457,"  1,457",0.8078242964996568,0.19217570350034316,1235,1643,0.5360273711102106,0.0010007000532357146,0.47923333333333334,{},1019078
Nevada,2024-11-06 06:11:27.815000+00:00,Donald Trump,Kamala Harris,518403,483330,35073,509402,525,517,    517,0.8104448742746615,0.1895551257253385,1234,1643,0.5350266710569749,0.00035630795894359135,0.4941333333333333,{},1017595
Nevada,2024-11-06 06:09:38.534000+00:00,Donald Trump,Kamala Harris,517984,483232,34752,509927,941269,926818,"926,818",0.5005168220729421,0.49948317792705793,1234,1643,0.5346703630980313,0.022823588609785395,0.49948317792705793,{},1017070
Nevada,2024-11-06 05:58:39.910000+00:00,Donald Trump,Kamala Harris,54096,20302,33794,1451196,28388,27833," 27,833",0.7262242661588761,0.27377573384112386,92,1643,0.5118467744882459,0.004557180932953653,0.27366666666666667,{},75801
Nevada,2024-11-06 05:57:24.526000+00:00,Donald Trump,Kamala Harris,33883,12682,21201,1479584,47413,46565," 46,565",0.7276495221733061,0.27235047782669386,58,1643,0.5072895935552922,0.00728959355529224,0.27235047782669386,{},47413
Nevada,2024-11-06 04:24:11.321000+00:00,Kamala Harris,Donald Trump,0,0,0,1526997,0,0,      0,0,0,0,1643,0.5,-0.5,,{},0
North Carolina,2024-11-06 07:27:43.257000+00:00,Donald Trump,Kamala Harris,2875538,2683995,191543,56810,10021,9972,"  9,972",0.6974528680304853,0.30254713196951466,2658,2658,2.2054398821787093,0.28552808238228056,0.2517666666666667,{},5624232
North Carolina,2024-11-06 07:18:21.055000+00:00,Donald Trump,Kamala Harris,2868583,2680978,187605,66831,20285,20170," 20,170",0.7735250371839365,0.22647496281606347,2656,2658,1.9199117997964288,0.3946934533447648,0.37726666666666664,{},5614211
North Carolina,2024-11-06 06:58:50.328000+00:00,Donald Trump,Kamala Harris,2852981,2676410,176571,87116,0,0,      0,0,0,2655,2658,1.525218346451664,0.0,0.6074666666666667,{},5593926
North Carolina,2024-11-06 06:48:52.841000+00:00,Donald Trump,Kamala Harris,2852981,2676410,176571,87116,399,392,    392,0.2142857142857143,0.7857142857142857,2615,2658,1.525218346451664,0.003379520328509411,0.6074666666666667,{},5593926
North Carolina,2024-11-06 06:42:04.340000+00:00,Donald Trump,Kamala Harris,2852897,2676102,176795,87515,4066,3931,"  3,931",0.2447214449249555,0.7552785550750445,2614,2658,1.5218388261231546,0.034282421545420716,0.6046333333333334,{},5593527
North Carolina,2024-11-06 06:11:27.815000+00:00,Donald Trump,Kamala Harris,2851935,2673133,178802,91581,5666,5592,"  5,592",0.369277539341917,0.630722460658083,2611,2658,1.4875564045777339,0.0499345746853046,0.5801666666666667,{},5589461
North Carolina,2024-11-06 06:09:38.534000+00:00,Donald Trump,Kamala Harris,2849870,2669606,180264,97247,99938,99032," 99,032",0.4314161079247112,0.5685838920752888,2611,2658,1.4376218298924293,0.440363154477016,0.5685838920752888,{},5583795
North Carolina,2024-11-06 05:52:50.427000+00:00,Donald Trump,Kamala Harris,2807146,2613298,193848,197185,8181,8048,"  8,048",0.7329771371769384,0.26702286282306165,2608,2658,0.9972586754154132,0.029045185250015648,0.5215333333333333,{},5483857
North Carolina,2024-11-06 05:47:12.166000+00:00,Donald Trump,Kamala Harris,2801247,2611149,190098,205366,27961,27421," 27,421",0.38514277378651396,0.614857226213486,2582,2658,0.9682134901653976,0.0424535742938037,0.5916333333333333,{},5475676
North Carolina,2024-11-06 05:39:35.768000+00:00,Donald Trump,Kamala Harris,2790686,2594289,196397,233327,165545,164130,"164,130",0.6552306098824103,0.3447693901175897,2532,2658,0.9257599158715939,0.2413228434153466,0.3447693901175897,{},5447715
North Carolina,2024-11-06 05:34:39.692000+00:00,Donald Trump,Kamala Harris,2683143,2537702,145441,398872,31290,31098," 31,098",0.49524085150170427,0.5047591484982957,2492,2658,0.6844370724562473,0.01306789918424689,0.5047591484982957,{},5282170
North Carolina,2024-11-06 05:22:29.687000+00:00,Donald Trump,Kamala Harris,2667742,2522005,145737,430162,2817,2738,"  2,738",0.36121256391526657,0.6387874360847334,2492,2658,0.6713691732720004,0.00022708887860534155,0.5741,{},5250880
North Carolina,2024-11-06 05:06:43.094000+00:00,Donald Trump,Kamala Harris,2666753,2520256,146497,432979,43307,42094," 42,094",0.43238941416829,0.56761058583171,2490,2658,0.6711420843933951,0.009516403919591077,0.56761058583171,{},5248063
North Carolina,2024-11-06 04:58:35.497000+00:00,Donald Trump,Kamala Harris,2648552,2496363,152189,476286,43054,42837," 42,837",0.6129981091112824,0.38700189088871767,2416,2658,0.661625680473804,0.02282794182813852,0.38700189088871767,{},5204756
North Carolina,2024-11-06 04:53:06.738000+00:00,Donald Trump,Kamala Harris,2622293,2479785,142508,519340,3141,3065,"  3,065",0.5497553017944535,0.45024469820554647,2416,2658,0.6387977386456655,0.0011296839771115508,0.4651666666666667,{},5161702
North Carolina,2024-11-06 04:47:16.799000+00:00,Donald Trump,Kamala Harris,2620608,2478405,142203,522481,11560,11274," 11,274",0.518626929217669,0.48137307078233105,2406,2658,0.6376680546685539,0.003377805420374802,0.46576666666666666,{},5158561
North Carolina,2024-11-06 04:40:49.331000+00:00,Donald Trump,Kamala Harris,2614761,2472978,141783,534041,81578,80027," 80,027",0.543604033638647,0.45639596636135304,2376,2658,0.6342902492481791,0.023529551505784507,0.45639596636135304,{},5147001
North Carolina,2024-11-06 04:24:11.321000+00:00,Donald Trump,Kamala Harris,2571258,2436454,134804,615619,0,0,      0,0,0,2258,2658,0.6107606977423946,-0.3892393022576054,,{},5065423
Pennsylvania,2024-11-06 11:01:12.807000+00:00,Donald Trump,Kamala Harris,3434001,3263400,170601,230503,9389,9281,"  9,281",0.7898933304600797,0.21010666953992027,8854,9156,0.8736597815153944,0.02594895146294962,0.4887666666666667,{},6762506
Pennsylvania,2024-11-06 10:45:54.821000+00:00,Donald Trump,Kamala Harris,3426670,3261450,165220,239892,7395,7302,"  7,302",0.4517940290331416,0.5482059709668584,8842,9156,0.8477108300524447,0.008960842337473296,0.6339666666666667,{},6753117
Pennsylvania,2024-11-06 10:34:35.078000+00:00,Donald Trump,Kamala Harris,3423371,3257447,165924,247287,8070,7939,"  7,939",0.4086156946718731,0.5913843053281269,8832,9156,0.8387499877149714,0.007836714335203498,0.6552333333333333,{},6745722
Pennsylvania,2024-11-06 10:20:00.892000+00:00,Donald Trump,Kamala Harris,3420127,3252752,167375,255357,9796,9655,"  9,655",0.26701191092698084,0.7329880890730192,8818,9156,0.830913273379768,0.0036592427114729986,0.6640666666666667,{},6737652
Pennsylvania,2024-11-06 10:01:16.651000+00:00,Donald Trump,Kamala Harris,3417549,3245675,171874,265153,0,0,      0,0,0,8804,9156,0.827254030668295,0.0,0.6271,{},6727856
Pennsylvania,2024-11-06 09:45:54.161000+00:00,Donald Trump,Kamala Harris,3417549,3245675,171874,265153,0,0,      0,0,0,8795,9156,0.827254030668295,0.0,0.6271,{},6727856
Pennsylvania,2024-11-06 09:33:45.203000+00:00,Donald Trump,Kamala Harris,3417549,3245675,171874,265153,15529,15418," 15,418",0.36444415618108705,0.635555843818913,8801,9156,0.827254030668295,0.010587109568951258,0.6271,{},6727856
Pennsylvania,2024-11-06 09:20:46.438000+00:00,Donald Trump,Kamala Harris,3411930,3235876,176054,280682,0,0,      0,0,0,8794,9156,0.8166669210993437,0.0,0.6308,{},6712327
Pennsylvania,2024-11-06 09:00:56.838000+00:00,Donald Trump,Kamala Harris,3411930,3235876,176054,280682,18571,18417," 18,417",0.38182114350871477,0.6181788564912852,8790,9156,0.8166669210993437,0.012307859158104173,0.6308,{},6712327
Pennsylvania,2024-11-06 08:47:39.306000+00:00,Donald Trump,Kamala Harris,3404898,3224491,180407,299253,0,0,      0,0,0,8768,9156,0.8043590619412395,0.0,0.6508333333333334,{},6693756
Pennsylvania,2024-11-06 08:34:59.737000+00:00,Donald Trump,Kamala Harris,3404898,3224491,180407,299253,0,0,      0,0,0,8776,9156,0.8043590619412395,0.0,0.6508333333333334,{},6693756
Pennsylvania,2024-11-06 08:21:20.301000+00:00,Donald Trump,Kamala Harris,3404898,3224491,180407,299253,33245,32978," 32,978",0.3491721753896537,0.6508278246103463,8802,9156,0.8043590619412395,0.015326603719091558,0.6508278246103463,{},6693756
Pennsylvania,2024-11-06 08:02:13.805000+00:00,Donald Trump,Kamala Harris,3393383,3203028,190355,332498,5829,5771,"  5,771",0.6239819788598163,0.3760180211401837,8757,9156,0.789032458222148,0.007115085488275663,0.5583666666666667,{},6660511
Pennsylvania,2024-11-06 07:45:51.275000+00:00,Donald Trump,Kamala Harris,3389782,3200858,188924,338327,10316,10223," 10,223",0.274283478430989,0.725716521569011,8744,9156,0.7819173727338723,0.0016587987125448178,0.5816333333333333,{},6654682
Pennsylvania,2024-11-06 07:34:30.984000+00:00,Donald Trump,Kamala Harris,3386978,3193439,193539,348643,1403,1384,"  1,384",0.35621387283236994,0.6437861271676301,8724,9156,0.7802585740213275,0.0005492658487189495,0.5600333333333334,{},6644366
Pennsylvania,2024-11-06 07:07:09.390000+00:00,Donald Trump,Kamala Harris,3386485,3192548,193937,350046,24060,23844," 23,844",0.5031454453950679,0.49685455460493205,8684,9156,0.7797093081726085,0.018191461844397905,0.5676666666666667,{},6642963
Pennsylvania,2024-11-06 06:58:50.328000+00:00,Donald Trump,Kamala Harris,3374488,3180701,193787,374106,6066,6011,"  6,011",0.14856097155215442,0.8514390284478456,8646,9156,0.7615178463282106,-0.0014379497159886512,0.5299666666666667,{},6618903
Pennsylvania,2024-11-06 06:54:30.011000+00:00,Donald Trump,Kamala Harris,3373595,3175583,198012,380172,0,0,      0,0,0,8638,9156,0.7629557960441993,0.0,0.4487333333333333,{},6612837
Pennsylvania,2024-11-06 06:48:52.841000+00:00,Donald Trump,Kamala Harris,3373595,3175583,198012,380172,16619,16469," 16,469",0.5490922338939827,0.45090776610601735,8635,9156,0.7629557960441993,0.013070915798068516,0.4487333333333333,{},6612837
Pennsylvania,2024-11-06 06:42:04.340000+00:00,Donald Trump,Kamala Harris,3364552,3168157,196395,396791,25963,25693," 25,693",0.5538862725255906,0.44611372747440936,8613,9156,0.7498848802461308,0.01865321151398014,0.4824,{},6596218
Pennsylvania,2024-11-06 06:33:22.626000+00:00,Donald Trump,Kamala Harris,3350321,3156695,193626,422754,76602,75680," 75,680",0.3011892177589852,0.6988107822410148,8492,9156,0.7312316687321506,0.005047595502483793,0.6988107822410148,{},6570255
Pennsylvania,2024-11-06 06:09:38.534000+00:00,Donald Trump,Kamala Harris,3327527,3103809,223718,499356,48130,47685," 47,685",0.5654398657858866,0.43456013421411344,8271,9156,0.7261840732296668,0.025639146247226963,0.43456013421411344,{},6493653
Pennsylvania,2024-11-06 05:58:39.910000+00:00,Donald Trump,Kamala Harris,3300564,3083087,217477,547486,14499,14336," 14,336",0.37841796875,0.62158203125,8223,9156,0.7005449269824399,0.002042327297986035,0.4569666666666667,{},6445523
Pennsylvania,2024-11-06 05:52:50.427000+00:00,Donald Trump,Kamala Harris,3295139,3074176,220963,561985,145732,144294,"144,294",0.6937225387056981,0.3062774612943019,8204,9156,0.6985025996844538,0.08075672924932786,0.3062774612943019,{},6431024
Pennsylvania,2024-11-06 05:47:12.166000+00:00,Donald Trump,Kamala Harris,3195039,3029982,165057,707717,101086,100127,"100,127",0.44834060742856574,0.5516593925714343,8027,9156,0.617745870435126,0.008258720012605636,0.5516593925714343,{},6285292
Pennsylvania,2024-11-06 05:39:35.768000+00:00,Donald Trump,Kamala Harris,3150148,2974746,175402,808803,23195,22943," 22,943",0.5394237893910997,0.4605762106089003,7898,9156,0.6094871504225203,0.004150066514325923,0.4688333333333333,{},6184206
Pennsylvania,2024-11-06 05:34:39.692000+00:00,Donald Trump,Kamala Harris,3137772,2964179,173593,831998,35775,35361," 35,361",0.5043692203274794,0.49563077967252056,7878,9156,0.6053370839081944,0.004522422409176219,0.49563077967252056,{},6161011
Pennsylvania,2024-11-06 05:29:08.896000+00:00,Donald Trump,Kamala Harris,3119937,2946653,173284,867773,43696,43316," 43,316",0.5847261981715763,0.41527380182842366,7901,9156,0.6008146614990182,0.008898682544799863,0.41527380182842366,{},6125236
Pennsylvania,2024-11-06 05:22:29.687000+00:00,Donald Trump,Kamala Harris,3094609,2928665,165944,911469,7862,7726,"  7,726",0.13059798084390373,0.8694020191560963,7843,9156,0.5919159789542183,-0.0023485557672279223,0.6005333333333334,{},6081540
Pennsylvania,2024-11-06 05:16:19.429000+00:00,Donald Trump,Kamala Harris,3093600,2921948,171652,919331,140474,139069,"139,069",0.4927122507532232,0.5072877492467768,7832,9156,0.5942645347214462,0.01152887944745129,0.5072877492467768,{},6073678
Pennsylvania,2024-11-06 05:06:43.094000+00:00,Donald Trump,Kamala Harris,3025079,2851400,173679,1059805,90227,89354," 89,354",0.2858741634398012,0.7141258365601988,7717,9156,0.582735655273995,-0.010307539861106774,0.7141258365601988,{},5933204
Pennsylvania,2024-11-06 04:58:35.497000+00:00,Donald Trump,Kamala Harris,2999535,2787590,211945,1150032,100965,99892," 99,892",0.4656829375725784,0.5343170624274216,7608,9156,0.5930431951351017,0.004742443692133502,0.5343170624274216,{},5842977
Pennsylvania,2024-11-06 04:53:06.738000+00:00,Donald Trump,Kamala Harris,2953017,2734216,218801,1250997,17579,17384," 17,384",0.5511389783709157,0.4488610216290842,7479,9156,0.5883007514429682,0.0019312053994864353,0.4555,{},5742012
Pennsylvania,2024-11-06 04:47:16.799000+00:00,Donald Trump,Kamala Harris,2943436,2726413,217023,1268576,86937,86156," 86,156",0.5353428664283393,0.4646571335716607,7456,9156,0.5863695460434818,0.007807604553812908,0.4646571335716607,{},5724433
Pennsylvania,2024-11-06 04:40:49.331000+00:00,Donald Trump,Kamala Harris,2897313,2686380,210933,1355513,230027,227648,"227,648",0.5508636140005623,0.4491363859994377,7345,9156,0.5785619414896689,0.01877147623003661,0.4491363859994377,{},5637496
Pennsylvania,2024-11-06 04:32:09.276000+00:00,Donald Trump,Kamala Harris,2771910,2584135,187775,1585540,45188,44757," 44,757",0.6176464016801841,0.3823535983198159,7046,9156,0.5597904652596323,0.004917127275400945,0.3823535983198159,{},5407469
Pennsylvania,2024-11-06 04:24:11.321000+00:00,Donald Trump,Kamala Harris,2744266,2567022,177244,1630728,0,0,      0,0,0,6990,9156,0.5548733379842313,-0.44512666201576867,,{},5362281
Wisconsin,2024-11-06 11:01:12.807000+00:00,Donald Trump,Kamala Harris,1676729,1644537,32192,68115,31617,31191," 31,191",0.3459331217338335,0.6540668782661665,3414,3594,0.7397766323262501,0.02712213105120953,0.6540668782661665,{},3370042
Wisconsin,2024-11-06 10:34:35.078000+00:00,Donald Trump,Kamala Harris,1665939,1624136,41803,99732,109933,108138,"108,138",0.1781150012021676,0.8218849987978324,3335,3594,0.7126545012750406,-0.05695486523999782,0.8218849987978324,{},3338425
Wisconsin,2024-11-06 10:20:00.892000+00:00,Donald Trump,Kamala Harris,1646678,1535259,111419,209665,0,0,      0,0,0,3332,3594,0.7696093665150384,0.0,0.5461333333333334,{},3228492
Wisconsin,2024-11-06 10:01:16.651000+00:00,Donald Trump,Kamala Harris,1646678,1535259,111419,209665,3575,3530,"  3,530",0.5495750708215297,0.45042492917847027,3240,3594,0.7696093665150384,0.005352764628422491,0.5461333333333334,{},3228492
Wisconsin,2024-11-06 09:45:54.161000+00:00,Donald Trump,Kamala Harris,1644738,1533669,111069,213240,8124,8019,"  8,019",0.5366005736376107,0.46339942636238934,3207,3594,0.7642566018866159,0.011043489297208997,0.5669666666666666,{},3224917
Wisconsin,2024-11-06 09:33:45.203000+00:00,Donald Trump,Kamala Harris,1640435,1529953,110482,221364,3463,3417,"  3,417",0.5177055896985661,0.482294410301434,3204,3594,0.7532131125894069,0.0041732777195278015,0.6107666666666667,{},3216793
Wisconsin,2024-11-06 09:20:46.438000+00:00,Donald Trump,Kamala Harris,1638666,1528305,110361,224827,32561,32144," 32,144",0.37272896963663515,0.6272710303633648,3201,3594,0.7490398348698791,0.015377196200838661,0.6272710303633648,{},3213330
Wisconsin,2024-11-06 09:00:56.838000+00:00,Donald Trump,Kamala Harris,1626685,1508142,118543,257388,1159,1140,"  1,140",0.37982456140350873,0.6201754385964913,3196,3594,0.7336626386690405,0.0005097836016545454,0.5604,{},3180769
Wisconsin,2024-11-06 08:47:39.306000+00:00,Donald Trump,Kamala Harris,1626252,1507435,118817,258547,22833,22573," 22,573",0.41399016524166043,0.5860098347583396,3196,3594,0.7331528550673859,0.01191828252364524,0.5542333333333334,{},3179610
Wisconsin,2024-11-06 08:34:59.737000+00:00,Donald Trump,Kamala Harris,1616907,1494207,122700,281380,9220,9102,"  9,102",0.5424082619204571,0.45759173807954295,3111,3594,0.7212345725437407,0.008367004617278906,0.5069333333333333,{},3156777
Wisconsin,2024-11-06 08:21:20.301000+00:00,Donald Trump,Kamala Harris,1611970,1490042,121928,290600,43733,43132," 43,132",0.47159881294630435,0.5284011870536957,3036,3594,0.7128675679264618,0.024126685189954533,0.5284011870536957,{},3147557
Wisconsin,2024-11-06 08:02:13.805000+00:00,Donald Trump,Kamala Harris,1591629,1467251,124378,334333,13921,13735," 13,735",0.5678194393884237,0.4321805606115763,2828,3594,0.6887408827365072,0.010258724396645214,0.4811666666666667,{},3103824
Wisconsin,2024-11-06 07:45:51.275000+00:00,Donald Trump,Kamala Harris,1583830,1461315,122515,348254,13806,13597," 13,597",0.4516437449437376,0.5483562550562624,2633,3594,0.678482158339862,0.00496317918385536,0.5154666666666666,{},3089903
Wisconsin,2024-11-06 07:34:30.984000+00:00,Donald Trump,Kamala Harris,1577689,1453859,123830,362060,3874,3827,"  3,827",0.6090932845570943,0.3909067154429057,2624,3594,0.6735189791560067,0.00299464907910052,0.4876333333333333,{},3076097
Wisconsin,2024-11-06 07:26:42.401000+00:00,Donald Trump,Kamala Harris,1575358,1452363,122995,365934,2789,2755,"  2,755",0.37205081669691475,0.6279491833030852,2624,3594,0.6705243300769061,0.0003197944080570725,0.4998666666666667,{},3072223
Wisconsin,2024-11-06 07:18:21.055000+00:00,Donald Trump,Kamala Harris,1574333,1450633,123700,368723,31448,30992," 30,992",0.5130678884873516,0.4869321115126484,2622,3594,0.6702045356688491,0.014402692983745635,0.4869321115126484,{},3069434
Wisconsin,2024-11-06 07:08:45.106000+00:00,Donald Trump,Kamala Harris,1558432,1435542,122890,400171,5444,5374,"  5,374",0.5346110904354299,0.46538890956457013,2608,3594,0.6558018426851034,0.0025564064969952893,0.5037,{},3037986
Wisconsin,2024-11-06 07:07:09.390000+00:00,Donald Trump,Kamala Harris,1555559,1433041,122518,405615,18062,17700," 17,700",0.4547457627118644,0.5452542372881356,2631,3594,0.6532454361881082,0.004614731527922911,0.5238,{},3032542
Wisconsin,2024-11-06 06:58:50.328000+00:00,Donald Trump,Kamala Harris,1547510,1423390,124120,423677,8422,8322,"  8,322",0.5726988704638308,0.42730112953616917,2630,3594,0.6486307046601852,0.004317651288615609,0.5534333333333333,{},3014480
Wisconsin,2024-11-06 06:54:30.011000+00:00,Donald Trump,Kamala Harris,1542744,1419834,122910,432099,9489,9391,"  9,391",0.3697156852305399,0.6302843147694601,2596,3594,0.6443130533715696,0.0002896778985775894,0.5958333333333333,{},3006058
Wisconsin,2024-11-06 06:48:52.841000+00:00,Donald Trump,Kamala Harris,1539272,1413915,125357,441588,25128,24828," 24,828",0.4198888351860802,0.5801111648139198,2591,3594,0.644023375472992,0.003429942389469587,0.5607666666666666,{},2996569
Wisconsin,2024-11-06 06:42:04.340000+00:00,Donald Trump,Kamala Harris,1528847,1399512,129335,466716,9755,9634,"  9,634",0.5321777039651235,0.46782229603487646,2586,3594,0.6405934330835225,0.0035386027465080794,0.45016666666666666,{},2971441
Wisconsin,2024-11-06 06:33:22.626000+00:00,Donald Trump,Kamala Harris,1523720,1395005,128715,476471,26694,26360," 26,360",0.5581942336874052,0.4418057663125948,2584,3594,0.6370548303370144,0.010364532336443744,0.4431,{},2961686
Wisconsin,2024-11-06 06:19:50.161000+00:00,Donald Trump,Kamala Harris,1509006,1383359,125647,503165,10051,9936,"  9,936",0.5476046698872785,0.4523953301127214,2569,3594,0.6266902980005706,0.0034163210951829726,0.43566666666666665,{},2934992
Wisconsin,2024-11-06 06:12:43.135000+00:00,Donald Trump,Kamala Harris,1503565,1378864,124701,513216,1784,1764,"  1,764",0.7494331065759637,0.25056689342403626,2562,3594,0.6232739769053877,0.0012939467959193207,0.44506666666666667,{},2924941
Wisconsin,2024-11-06 06:11:27.815000+00:00,Donald Trump,Kamala Harris,1502243,1378422,123821,515000,6597,6507,"  6,507",0.6216382357461195,0.37836176425388046,2559,3594,0.6219800301094683,0.00308250661109577,0.4586,{},2923157
Wisconsin,2024-11-06 06:09:38.534000+00:00,Donald Trump,Kamala Harris,1498198,1375960,122238,521597,57853,57067," 57,067",0.5191616871396779,0.4808383128603221,2558,3594,0.6188975234983726,0.01378572358429464,0.4808383128603221,{},2916560
Wisconsin,2024-11-06 05:58:39.910000+00:00,Donald Trump,Kamala Harris,1468571,1348520,120051,579450,7909,7802,"  7,802",0.5460138426044604,0.4539861573955396,2494,3594,0.6051117999140779,0.0020355548946432434,0.45486666666666664,{},2858707
Wisconsin,2024-11-06 05:57:24.526000+00:00,Donald Trump,Kamala Harris,1464311,1344978,119333,587359,1642,1621,"  1,621",0.6742751388032079,0.3257248611967921,2466,3594,0.6030762450194347,0.0007740224205985413,0.44803333333333334,{},2850798
Wisconsin,2024-11-06 05:52:50.427000+00:00,Donald Trump,Kamala Harris,1463218,1344450,118768,589001,19398,19236," 19,236",0.5320232896652111,0.46797671033478894,2465,3594,0.6023022225988361,0.004289134382388982,0.4535666666666667,{},2849156
Wisconsin,2024-11-06 05:47:12.166000+00:00,Donald Trump,Kamala Harris,1452984,1335448,117536,608399,34097,33628," 33,628",0.5722314737718568,0.4277685262281432,2447,3594,0.5980130882164472,0.009037604095056162,0.4277685262281432,{},2829758
Wisconsin,2024-11-06 05:41:15.952000+00:00,Donald Trump,Kamala Harris,1433741,1321063,112678,642496,13151,12990," 12,990",0.6598922247882987,0.3401077752117013,2385,3594,0.588975484121391,0.004999060993708393,0.4105,{},2795661
Wisconsin,2024-11-06 05:39:35.768000+00:00,Donald Trump,Kamala Harris,1425169,1316645,108524,655647,9016,8887,"  8,887",0.5282997636997862,0.4717002363002138,2379,3594,0.5839764231276826,0.0015230649989574907,0.46073333333333333,{},2782510
Wisconsin,2024-11-06 05:34:39.692000+00:00,Donald Trump,Kamala Harris,1420474,1312453,108021,664663,46876,46257," 46,257",0.5438744406252027,0.4561255593747973,2378,3594,0.5824533581287251,0.00832616171975431,0.4561255593747973,{},2773494
Wisconsin,2024-11-06 05:29:08.896000+00:00,Donald Trump,Kamala Harris,1395316,1291354,103962,711539,37048,36522," 36,522",0.4926619571764964,0.5073380428235036,2379,3594,0.5741271964089708,0.003305331956920843,0.5073380428235036,{},2726618
Wisconsin,2024-11-06 05:22:29.687000+00:00,Donald Trump,Kamala Harris,1377323,1272825,104498,748587,84709,83484," 83,484",0.5209621005222558,0.4790378994777442,2390,3594,0.57082186445205,0.009330357707950432,0.4790378994777442,{},2689570
Wisconsin,2024-11-06 05:16:19.429000+00:00,Donald Trump,Kamala Harris,1333831,1232833,100998,833296,13583,13395," 13,395",0.5391564016424039,0.46084359835759614,2330,3594,0.5614915067440995,0.0016146839458088813,0.4764333333333333,{},2604861
Wisconsin,2024-11-06 05:06:43.094000+00:00,Donald Trump,Kamala Harris,1326609,1226660,99949,846879,37338,36735," 36,735",0.5109840751327073,0.4890159248672928,2302,3594,0.5598768227982907,0.002991467701907835,0.4890159248672928,{},2591278
Wisconsin,2024-11-06 04:58:35.497000+00:00,Donald Trump,Kamala Harris,1307838,1208696,99142,884217,39152,38603," 38,603",0.49190477424034407,0.5080952257596559,2350,3594,0.5568853550963828,0.002068605355298403,0.5080952257596559,{},2553940
Wisconsin,2024-11-06 04:53:06.738000+00:00,Donald Trump,Kamala Harris,1288849,1189082,99767,923369,141907,139664,"139,664",0.5709058884179172,0.4290941115820827,2324,3594,0.5548167497410844,0.016734926561885466,0.4290941115820827,{},2514788
Wisconsin,2024-11-06 04:47:16.799000+00:00,Donald Trump,Kamala Harris,1209114,1129153,79961,1065276,48161,47559," 47,559",0.5555625643937004,0.44443743560629956,2266,3594,0.538081823179199,0.004055340671851204,0.44443743560629956,{},2372881
Wisconsin,2024-11-06 04:40:49.331000+00:00,Donald Trump,Kamala Harris,1182692,1108016,74676,1113437,53857,53068," 53,068",0.5199555287555588,0.4800444712444411,2252,3594,0.5340264825073477,0.002490475155817462,0.4800444712444411,{},2324720
Wisconsin,2024-11-06 04:32:09.276000+00:00,Donald Trump,Kamala Harris,1155099,1082541,72558,1167294,36567,35929," 35,929",0.5213615742158145,0.4786384257841855,2199,3594,0.5315360073515303,0.0016047937924991151,0.4786384257841855,{},2270863
Wisconsin,2024-11-06 04:24:11.321000+00:00,Donald Trump,Kamala Harris,1136367,1065344,71023,1203861,0,0,      0,0,0,2169,3594,0.5299312135590312,-0.47006878644096883,,{},2234296
